days;alive;dead;new;alive_theo;stadeC_theo;stadeE_theo;stadeF_theo;dead_theo;Bloc;Sol
2018-07-10; 1; 0; 1; 1; 1; 0; 0; 0;Bloc 1;B
2018-07-11; 1; 0; 0; 1; 1; 0; 0; 0;Bloc 1;B
2018-07-12; 1; 0; 0; 1; 1; 0; 0; 0;Bloc 1;B
2018-07-13; 2; 0; 1; 2; 2; 0; 0; 0;Bloc 1;B
2018-07-14; 2; 0; 0; 2; 2; 0; 0; 0;Bloc 1;B
2018-07-15; 3; 0; 1; 3; 3; 0; 0; 0;Bloc 1;B
2018-07-16; 3; 0; 0; 3; 3; 0; 0; 0;Bloc 1;B
2018-07-17; 3; 0; 0; 3; 2; 1; 0; 0;Bloc 1;B
2018-07-18; 3; 0; 0; 3; 2; 1; 0; 0;Bloc 1;B
2018-07-19; 4; 0; 1; 4; 3; 1; 0; 0;Bloc 1;B
2018-07-20; 4; 0; 0; 4; 2; 2; 0; 0;Bloc 1;B
2018-07-21; 4; 0; 0; 4; 2; 2; 0; 0;Bloc 1;B
2018-07-22; 4; 0; 0; 4; 1; 3; 0; 0;Bloc 1;B
2018-07-23; 4; 0; 0; 4; 1; 3; 0; 0;Bloc 1;B
2018-07-24; 4; 0; 0; 4; 1; 3; 0; 0;Bloc 1;B
2018-07-25; 4; 0; 0; 4; 1; 3; 0; 0;Bloc 1;B
2018-07-26; 5; 0; 1; 5; 1; 3; 1; 0;Bloc 1;B
2018-07-27; 6; 0; 1; 6; 2; 3; 1; 0;Bloc 1;B
2018-07-28; 6; 0; 0; 6; 2; 3; 1; 0;Bloc 1;B
2018-07-29; 6; 0; 0; 6; 2; 2; 2; 0;Bloc 1;B
2018-07-30; 6; 0; 0; 6; 2; 2; 2; 0;Bloc 1;B
2018-07-31; 6; 0; 0; 6; 2; 1; 3; 0;Bloc 1;B
2018-08-01; 6; 0; 0; 6; 2; 1; 3; 0;Bloc 1;B
2018-08-02; 8; 0; 2; 8; 3; 2; 3; 0;Bloc 1;B
2018-08-03; 9; 0; 1; 9; 3; 3; 3; 0;Bloc 1;B
2018-08-04;12; 0; 3;12; 6; 2; 4; 0;Bloc 1;B
2018-08-05;13; 0; 1;13; 7; 2; 4; 0;Bloc 1;B
2018-08-06;15; 0; 2;15; 9; 2; 4; 0;Bloc 1;B
2018-08-07;18; 0; 3;18;12; 2; 4; 0;Bloc 1;B
2018-08-08;19; 0; 1;19;13; 2; 4; 0;Bloc 1;B
2018-08-09;19; 0; 0;19;11; 4; 4; 0;Bloc 1;B
2018-08-10;19; 0; 0;19;10; 5; 4; 0;Bloc 1;B
2018-08-11;20; 0; 1;20; 8; 7; 5; 0;Bloc 1;B
2018-08-12;20; 0; 0;20; 7; 7; 6; 0;Bloc 1;B
2018-08-13;20; 0; 0;20; 5; 9; 6; 0;Bloc 1;B
2018-08-14;20; 0; 0;20; 2;12; 6; 0;Bloc 1;B
2018-08-15;20; 0; 0;20; 1;13; 6; 0;Bloc 1;B
2018-08-16;20; 0; 0;20; 1;13; 6; 0;Bloc 1;B
2018-08-17;20; 0; 0;20; 1;13; 6; 0;Bloc 1;B
2018-08-18;24; 0; 4;24; 4;12; 8; 0;Bloc 1;B
2018-08-19;25; 0; 1;25; 5;11; 9; 0;Bloc 1;B
2018-08-20;26; 0; 1;26; 6; 8;12; 0;Bloc 1;B
2018-08-21;26; 0; 0;26; 6; 7;13; 0;Bloc 1;B
2018-08-22;27; 0; 1;27; 7; 5;15; 0;Bloc 1;B
2018-08-23;28; 0; 1;28; 8; 2;18; 0;Bloc 1;B
2018-08-24;28; 0; 0;28; 8; 1;19; 0;Bloc 1;B
2018-08-25;28; 0; 0;28; 4; 5;19; 0;Bloc 1;B
2018-08-26;28; 0; 0;28; 3; 6;19; 0;Bloc 1;B
2018-08-27;29; 0; 1;29; 3; 6;20; 0;Bloc 1;B
2018-08-28;30; 0; 1;30; 4; 6;20; 0;Bloc 1;B
2018-08-29;30; 0; 0;29; 3; 7;19; 1;Bloc 1;B
2018-08-30;30; 0; 0;29; 2; 8;19; 1;Bloc 1;B
2018-08-31;30; 0; 0;29; 2; 8;19; 1;Bloc 1;B
2018-09-01;32; 0; 2;30; 4; 8;18; 2;Bloc 1;B
2018-09-02;32; 0; 0;30; 4; 8;18; 2;Bloc 1;B
2018-09-03;32; 0; 0;29; 3; 5;21; 3;Bloc 1;B
2018-09-04;39; 0; 7;36; 9; 5;22; 3;Bloc 1;B
2018-09-05;40; 0; 1;37;10; 4;23; 3;Bloc 1;B
2018-09-06;25;19; 4;41;14; 4;23; 3;Bloc 1;B
2018-09-07;28;19; 3;43;17; 3;23; 4;Bloc 1;B
2018-09-08;38;19;10;53;25; 4;24; 4;Bloc 1;B
2018-09-09;39;19; 1;54;26; 4;24; 4;Bloc 1;B
2018-09-10;42;19; 3;57;29; 4;24; 4;Bloc 1;B
2018-09-11;46;19; 4;61;26;11;24; 4;Bloc 1;B
2018-09-12;48;19; 2;63;27;11;25; 4;Bloc 1;B
2018-09-13;47;22; 2;65;25;14;26; 4;Bloc 1;B
2018-09-14;47;22; 0;64;22;17;25; 5;Bloc 1;B
2018-09-15;47;22; 0;63;12;27;24; 6;Bloc 1;B
2018-09-16;47;22; 0;63;11;28;24; 6;Bloc 1;B
2018-09-17;49;22; 2;65;10;29;26; 6;Bloc 1;B
2018-09-18;49;22; 0;65; 6;33;26; 6;Bloc 1;B
2018-09-19;49;22; 0;65; 4;35;26; 6;Bloc 1;B
2018-09-20;45;26; 0;65; 2;30;33; 6;Bloc 1;B
2018-09-21;45;26; 0;63; 2;29;32; 8;Bloc 1;B
2018-09-22;45;26; 0;62; 2;25;35; 9;Bloc 1;B
2018-09-23;45;26; 0;59; 2;22;35;12;Bloc 1;B
2018-09-24;45;26; 0;58; 0;14;44;13;Bloc 1;B
2018-09-25;45;26; 0;56; 0;13;43;15;Bloc 1;B
2018-09-26;42;31; 2;55; 2;10;43;18;Bloc 1;B
2018-09-27;42;31; 0;54; 2; 6;46;19;Bloc 1;B
2018-09-28;42;31; 0;54; 2; 4;48;19;Bloc 1;B
2018-09-29;42;31; 0;54; 2; 2;50;19;Bloc 1;B
2018-09-30;42;31; 0;53; 2; 2;49;20;Bloc 1;B
2018-10-01;42;31; 0;53; 2; 2;49;20;Bloc 1;B
2018-10-02;42;31; 0;53; 2; 2;49;20;Bloc 1;B
2018-10-03;33;40; 0;53; 0; 2;51;20;Bloc 1;B
2018-06-28; 2; 0; 2; 2; 2; 0; 0; 0;Bloc 1;E
2018-06-29; 3; 0; 1; 3; 3; 0; 0; 0;Bloc 1;E
2018-06-30; 3; 0; 0; 3; 3; 0; 0; 0;Bloc 1;E
2018-07-01; 3; 0; 0; 3; 3; 0; 0; 0;Bloc 1;E
2018-07-02; 3; 0; 0; 3; 3; 0; 0; 0;Bloc 1;E
2018-07-03; 3; 0; 0; 3; 3; 0; 0; 0;Bloc 1;E
2018-07-04; 3; 0; 0; 3; 3; 0; 0; 0;Bloc 1;E
2018-07-05; 4; 0; 1; 4; 2; 2; 0; 0;Bloc 1;E
2018-07-06; 5; 0; 1; 5; 2; 3; 0; 0;Bloc 1;E
2018-07-07; 5; 0; 0; 5; 2; 3; 0; 0;Bloc 1;E
2018-07-08; 6; 0; 1; 6; 3; 3; 0; 0;Bloc 1;E
2018-07-09; 6; 0; 0; 6; 3; 3; 0; 0;Bloc 1;E
2018-07-10; 6; 0; 0; 6; 3; 3; 0; 0;Bloc 1;E
2018-07-11; 6; 0; 0; 6; 3; 3; 0; 0;Bloc 1;E
2018-07-12; 6; 0; 0; 6; 2; 4; 0; 0;Bloc 1;E
2018-07-13; 7; 0; 1; 7; 2; 5; 0; 0;Bloc 1;E
2018-07-14; 7; 0; 0; 7; 2; 3; 2; 0;Bloc 1;E
2018-07-15; 9; 0; 2; 9; 3; 3; 3; 0;Bloc 1;E
2018-07-16; 9; 0; 0; 9; 3; 3; 3; 0;Bloc 1;E
2018-07-17; 9; 0; 0; 9; 3; 3; 3; 0;Bloc 1;E
2018-07-18; 9; 0; 0; 9; 3; 3; 3; 0;Bloc 1;E
2018-07-19;16; 0; 7;16;10; 3; 3; 0;Bloc 1;E
2018-07-20;17; 0; 1;17;10; 4; 3; 0;Bloc 1;E
2018-07-21;19; 0; 2;19;12; 3; 4; 0;Bloc 1;E
2018-07-22;20; 0; 1;20;11; 4; 5; 0;Bloc 1;E
2018-07-23;22; 0; 2;22;13; 4; 5; 0;Bloc 1;E
2018-07-24;22; 0; 0;22;13; 3; 6; 0;Bloc 1;E
2018-07-25;23; 0; 1;23;14; 3; 6; 0;Bloc 1;E
2018-07-26;23; 0; 0;23; 7;10; 6; 0;Bloc 1;E
2018-07-27;24; 0; 1;24; 7;11; 6; 0;Bloc 1;E
2018-07-28;26; 0; 2;26; 7;13; 6; 0;Bloc 1;E
2018-07-29;27; 0; 1;27; 7;13; 7; 0;Bloc 1;E
2018-07-30;31; 0; 4;31; 9;15; 7; 0;Bloc 1;E
2018-07-31;34; 0; 3;34;12;13; 9; 0;Bloc 1;E
2018-08-01;35; 0; 1;35;12;14; 9; 0;Bloc 1;E
2018-08-02;47; 0;12;47;24;14; 9; 0;Bloc 1;E
2018-08-03;48; 0; 1;48;24;15; 9; 0;Bloc 1;E
2018-08-04;50; 0; 2;50;24;10;16; 0;Bloc 1;E
2018-08-05;50; 0; 0;50;23;10;17; 0;Bloc 1;E
2018-08-06;50; 0; 0;50;19;12;19; 0;Bloc 1;E
2018-08-07;59; 0; 9;59;25;14;20; 0;Bloc 1;E
2018-08-08;59; 0; 0;59;24;13;22; 0;Bloc 1;E
2018-08-09;60; 0; 1;60;13;25;22; 0;Bloc 1;E
2018-08-10;61; 0; 1;61;13;25;23; 0;Bloc 1;E
2018-08-11;61; 0; 0;61;11;27;23; 0;Bloc 1;E
2018-08-12;61; 0; 0;61;11;26;24; 0;Bloc 1;E
2018-08-13;61; 0; 0;61;11;24;26; 0;Bloc 1;E
2018-08-14;61; 0; 0;61; 2;32;27; 0;Bloc 1;E
2018-08-15;61; 0; 0;61; 2;28;31; 0;Bloc 1;E
2018-08-16;61; 0; 0;61; 1;26;34; 0;Bloc 1;E
2018-08-17;61; 0; 0;59; 0;26;33; 2;Bloc 1;E
2018-08-18;63; 0; 2;60; 2;14;44; 3;Bloc 1;E
2018-08-19;63; 0; 0;60; 2;13;45; 3;Bloc 1;E
2018-08-20;64; 0; 1;61; 3;11;47; 3;Bloc 1;E
2018-08-21;66; 0; 2;63; 5;11;47; 3;Bloc 1;E
2018-08-22;67; 0; 1;64; 6;11;47; 3;Bloc 1;E
2018-08-23;69; 0; 2;66; 8; 2;56; 3;Bloc 1;E
2018-08-24;71; 0; 2;67;10; 2;55; 4;Bloc 1;E
2018-08-25;71; 0; 0;66; 8; 3;55; 5;Bloc 1;E
2018-08-26;74; 0; 3;69;11; 2;56; 5;Bloc 1;E
2018-08-27;74; 0; 0;68;10; 3;55; 6;Bloc 1;E
2018-08-28;74; 0; 0;68; 8; 5;55; 6;Bloc 1;E
2018-08-29;74; 0; 0;68; 7; 6;55; 6;Bloc 1;E
2018-08-30;74; 0; 0;68; 5; 8;55; 6;Bloc 1;E
2018-08-31;74; 0; 0;68; 3;10;55; 6;Bloc 1;E
2018-09-01;76; 0; 2;69; 5;10;54; 7;Bloc 1;E
2018-09-02;77; 0; 1;70; 3;13;54; 7;Bloc 1;E
2018-09-03;78; 0; 1;69; 4;11;54; 9;Bloc 1;E
2018-09-04;81; 0; 3;72; 7;11;54; 9;Bloc 1;E
2018-09-05;82; 0; 1;73; 8;10;55; 9;Bloc 1;E
2018-09-06;54;33; 5;78;13; 8;57; 9;Bloc 1;E
2018-09-07;57;33; 3;74;16; 7;51;16;Bloc 1;E
2018-09-08;61;33; 4;77;18; 7;52;17;Bloc 1;E
2018-09-09;63;33; 2;77;19; 6;52;19;Bloc 1;E
2018-09-10;64;33; 1;77;19; 7;51;20;Bloc 1;E
2018-09-11;69;33; 5;80;21; 7;52;22;Bloc 1;E
2018-09-12;71;33; 2;82;22; 8;52;22;Bloc 1;E
2018-09-13;61;47; 4;85;21;13;51;23;Bloc 1;E
2018-09-14;61;47; 0;85;18;16;51;23;Bloc 1;E
2018-09-15;61;47; 0;84;14;20;50;24;Bloc 1;E
2018-09-16;61;47; 0;82;12;22;48;26;Bloc 1;E
2018-09-17;61;47; 0;81;11;21;49;27;Bloc 1;E
2018-09-18;61;47; 0;77; 6;25;46;31;Bloc 1;E
2018-09-19;61;47; 0;74; 4;26;44;34;Bloc 1;E
2018-09-20;55;54; 1;74; 1;27;46;35;Bloc 1;E
2018-09-21;55;54; 0;62; 1;26;35;47;Bloc 1;E
2018-09-22;55;54; 0;61; 1;21;39;48;Bloc 1;E
2018-09-23;55;54; 0;59; 1;18;40;50;Bloc 1;E
2018-09-24;55;54; 0;59; 1;14;44;50;Bloc 1;E
2018-09-25;55;54; 0;59; 1;12;46;50;Bloc 1;E
2018-09-26;39;70; 0;50; 1;11;38;59;Bloc 1;E
2018-09-27;39;70; 0;50; 0; 7;43;59;Bloc 1;E
2018-09-28;39;70; 0;49; 0; 5;44;60;Bloc 1;E
2018-09-29;39;70; 0;48; 0; 1;47;61;Bloc 1;E
2018-09-30;39;70; 0;48; 0; 1;47;61;Bloc 1;E
2018-10-01;39;70; 0;48; 0; 1;47;61;Bloc 1;E
2018-10-02;39;70; 0;48; 0; 1;47;61;Bloc 1;E
2018-10-03;26;83; 0;48; 0; 1;47;61;Bloc 1;E
2018-06-19; 1; 0; 1; 1; 1; 0; 0; 0;Bloc 1;Sn
2018-06-20; 1; 0; 0; 1; 1; 0; 0; 0;Bloc 1;Sn
2018-06-21; 1; 0; 0; 1; 1; 0; 0; 0;Bloc 1;Sn
2018-06-22; 1; 0; 0; 1; 1; 0; 0; 0;Bloc 1;Sn
2018-06-23; 1; 0; 0; 1; 1; 0; 0; 0;Bloc 1;Sn
2018-06-24; 1; 0; 0; 1; 1; 0; 0; 0;Bloc 1;Sn
2018-06-25; 1; 0; 0; 1; 1; 0; 0; 0;Bloc 1;Sn
2018-06-26; 1; 0; 0; 1; 0; 1; 0; 0;Bloc 1;Sn
2018-06-27; 1; 0; 0; 1; 0; 1; 0; 0;Bloc 1;Sn
2018-06-28; 1; 0; 0; 1; 0; 1; 0; 0;Bloc 1;Sn
2018-06-29; 1; 0; 0; 1; 0; 1; 0; 0;Bloc 1;Sn
2018-06-30; 1; 0; 0; 1; 0; 1; 0; 0;Bloc 1;Sn
2018-07-01; 1; 0; 0; 1; 0; 1; 0; 0;Bloc 1;Sn
2018-07-02; 1; 0; 0; 1; 0; 1; 0; 0;Bloc 1;Sn
2018-07-03; 1; 0; 0; 1; 0; 1; 0; 0;Bloc 1;Sn
2018-07-04; 2; 0; 1; 2; 1; 1; 0; 0;Bloc 1;Sn
2018-07-05; 2; 0; 0; 2; 1; 0; 1; 0;Bloc 1;Sn
2018-07-06; 2; 0; 0; 2; 1; 0; 1; 0;Bloc 1;Sn
2018-07-07; 2; 0; 0; 2; 1; 0; 1; 0;Bloc 1;Sn
2018-07-08; 2; 0; 0; 2; 1; 0; 1; 0;Bloc 1;Sn
2018-07-09; 2; 0; 0; 2; 1; 0; 1; 0;Bloc 1;Sn
2018-07-10; 2; 0; 0; 2; 1; 0; 1; 0;Bloc 1;Sn
2018-07-11; 2; 0; 0; 2; 0; 1; 1; 0;Bloc 1;Sn
2018-07-12; 2; 0; 0; 2; 0; 1; 1; 0;Bloc 1;Sn
2018-07-13; 2; 0; 0; 2; 0; 1; 1; 0;Bloc 1;Sn
2018-07-14; 2; 0; 0; 2; 0; 1; 1; 0;Bloc 1;Sn
2018-07-15; 2; 0; 0; 2; 0; 1; 1; 0;Bloc 1;Sn
2018-07-16; 2; 0; 0; 2; 0; 1; 1; 0;Bloc 1;Sn
2018-07-17; 2; 0; 0; 2; 0; 1; 1; 0;Bloc 1;Sn
2018-07-18; 2; 0; 0; 2; 0; 1; 1; 0;Bloc 1;Sn
2018-07-19; 3; 0; 1; 3; 1; 1; 1; 0;Bloc 1;Sn
2018-07-20; 3; 0; 0; 3; 1; 0; 2; 0;Bloc 1;Sn
2018-07-21; 3; 0; 0; 3; 1; 0; 2; 0;Bloc 1;Sn
2018-07-22; 3; 0; 0; 3; 1; 0; 2; 0;Bloc 1;Sn
2018-07-23; 3; 0; 0; 3; 1; 0; 2; 0;Bloc 1;Sn
2018-07-24; 5; 0; 2; 5; 3; 0; 2; 0;Bloc 1;Sn
2018-07-25; 6; 0; 1; 6; 4; 0; 2; 0;Bloc 1;Sn
2018-07-26; 8; 0; 2; 8; 5; 1; 2; 0;Bloc 1;Sn
2018-07-27; 8; 0; 0; 8; 5; 1; 2; 0;Bloc 1;Sn
2018-07-28;10; 0; 2;10; 7; 1; 2; 0;Bloc 1;Sn
2018-07-29;11; 0; 1;11; 8; 1; 2; 0;Bloc 1;Sn
2018-07-30;12; 0; 1;12; 9; 1; 2; 0;Bloc 1;Sn
2018-07-31;12; 0; 0;12; 7; 3; 2; 0;Bloc 1;Sn
2018-08-01;12; 0; 0;12; 6; 4; 2; 0;Bloc 1;Sn
2018-08-02;16; 0; 4;16; 8; 6; 2; 0;Bloc 1;Sn
2018-08-03;16; 0; 0;16; 8; 6; 2; 0;Bloc 1;Sn
2018-08-04;19; 0; 3;19; 9; 7; 3; 0;Bloc 1;Sn
2018-08-05;19; 0; 0;19; 8; 8; 3; 0;Bloc 1;Sn
2018-08-06;19; 0; 0;19; 7; 9; 3; 0;Bloc 1;Sn
2018-08-07;22; 0; 3;22;10; 9; 3; 0;Bloc 1;Sn
2018-08-08;23; 0; 1;22;11; 9; 2; 1;Bloc 1;Sn
2018-08-09;23; 0; 0;22; 7;11; 4; 1;Bloc 1;Sn
2018-08-10;25; 0; 2;24; 9;10; 5; 1;Bloc 1;Sn
2018-08-11;26; 0; 1;25; 7;11; 7; 1;Bloc 1;Sn
2018-08-12;27; 0; 1;26; 8;11; 7; 1;Bloc 1;Sn
2018-08-13;27; 0; 0;26; 8; 9; 9; 1;Bloc 1;Sn
2018-08-14;27; 0; 0;26; 5;11;10; 1;Bloc 1;Sn
2018-08-15;27; 0; 0;26; 4;11;11; 1;Bloc 1;Sn
2018-08-16;27; 0; 0;26; 4;11;11; 1;Bloc 1;Sn
2018-08-17;27; 0; 0;26; 2;13;11; 1;Bloc 1;Sn
2018-08-18;29; 0; 2;28; 3;10;15; 1;Bloc 1;Sn
2018-08-19;30; 0; 1;29; 3;11;15; 1;Bloc 1;Sn
2018-08-20;30; 0; 0;29; 3; 8;18; 1;Bloc 1;Sn
2018-08-21;31; 0; 1;30; 4; 8;18; 1;Bloc 1;Sn
2018-08-22;31; 0; 0;30; 4; 8;18; 1;Bloc 1;Sn
2018-08-23;32; 0; 1;30; 5; 5;20; 2;Bloc 1;Sn
2018-08-24;32; 0; 0;30; 5; 4;21; 2;Bloc 1;Sn
2018-08-25;33; 0; 1;31; 4; 6;21; 2;Bloc 1;Sn
2018-08-26;35; 0; 2;33; 5; 5;23; 2;Bloc 1;Sn
2018-08-27;35; 0; 0;33; 5; 4;24; 2;Bloc 1;Sn
2018-08-28;35; 0; 0;33; 4; 4;25; 2;Bloc 1;Sn
2018-08-29;35; 0; 0;33; 4; 4;25; 2;Bloc 1;Sn
2018-08-30;35; 0; 0;33; 3; 5;25; 2;Bloc 1;Sn
2018-08-31;35; 0; 0;33; 3; 5;25; 2;Bloc 1;Sn
2018-09-01;37; 0; 2;35; 4; 6;25; 2;Bloc 1;Sn
2018-09-02;38; 0; 1;36; 3; 8;25; 2;Bloc 1;Sn
2018-09-03;39; 0; 1;37; 4; 6;27; 2;Bloc 1;Sn
2018-09-04;40; 0; 1;38; 5; 5;28; 2;Bloc 1;Sn
2018-09-05;41; 0; 1;39; 6; 5;28; 2;Bloc 1;Sn
2018-09-06;25;22; 6;45;12; 4;29; 2;Bloc 1;Sn
2018-09-07;27;22; 2;46;14; 4;28; 3;Bloc 1;Sn
2018-09-08;28;22; 1;47;13; 5;29; 3;Bloc 1;Sn
2018-09-09;28;22; 0;47;12; 6;29; 3;Bloc 1;Sn
2018-09-10;28;22; 0;47;11; 6;30; 3;Bloc 1;Sn
2018-09-11;28;22; 0;47;10; 5;32; 3;Bloc 1;Sn
2018-09-12;28;22; 0;45; 9; 6;30; 5;Bloc 1;Sn
2018-09-13;23;28; 1;45; 4;12;29; 6;Bloc 1;Sn
2018-09-14;23;28; 0;43; 2;14;27; 8;Bloc 1;Sn
2018-09-15;23;28; 0;43; 1;15;27; 8;Bloc 1;Sn
2018-09-16;23;28; 0;41; 1;15;25;10;Bloc 1;Sn
2018-09-17;23;28; 0;40; 1;13;26;11;Bloc 1;Sn
2018-09-18;23;28; 0;39; 1;12;26;12;Bloc 1;Sn
2018-09-19;23;28; 0;39; 1;11;27;12;Bloc 1;Sn
2018-09-20;18;34; 1;40; 1;11;28;12;Bloc 1;Sn
2018-09-21;18;34; 0;36; 1;10;25;16;Bloc 1;Sn
2018-09-22;18;34; 0;36; 1; 4;31;16;Bloc 1;Sn
2018-09-23;18;34; 0;33; 1; 2;30;19;Bloc 1;Sn
2018-09-24;18;34; 0;33; 1; 1;31;19;Bloc 1;Sn
2018-09-25;18;34; 0;33; 1; 1;31;19;Bloc 1;Sn
2018-09-26;16;37; 1;31; 2; 1;28;22;Bloc 1;Sn
2018-09-27;16;37; 0;30; 1; 2;27;23;Bloc 1;Sn
2018-09-28;16;37; 0;30; 1; 2;27;23;Bloc 1;Sn
2018-09-29;16;37; 0;28; 1; 1;26;25;Bloc 1;Sn
2018-09-30;16;37; 0;27; 1; 1;25;26;Bloc 1;Sn
2018-10-01;16;37; 0;26; 1; 1;24;27;Bloc 1;Sn
2018-10-02;16;37; 0;26; 1; 1;24;27;Bloc 1;Sn
2018-10-03; 7;46; 0;26; 0; 2;24;27;Bloc 1;Sn
2018-07-11; 1; 0; 1; 1; 1; 0; 0; 0;Bloc 2;B
2018-07-12; 1; 0; 0; 1; 1; 0; 0; 0;Bloc 2;B
2018-07-13; 1; 0; 0; 1; 1; 0; 0; 0;Bloc 2;B
2018-07-14; 1; 0; 0; 1; 1; 0; 0; 0;Bloc 2;B
2018-07-15; 1; 0; 0; 1; 1; 0; 0; 0;Bloc 2;B
2018-07-16; 1; 0; 0; 1; 1; 0; 0; 0;Bloc 2;B
2018-07-17; 1; 0; 0; 1; 1; 0; 0; 0;Bloc 2;B
2018-07-18; 1; 0; 0; 1; 0; 1; 0; 0;Bloc 2;B
2018-07-19; 1; 0; 0; 1; 0; 1; 0; 0;Bloc 2;B
2018-07-20; 1; 0; 0; 1; 0; 1; 0; 0;Bloc 2;B
2018-07-21; 1; 0; 0; 1; 0; 1; 0; 0;Bloc 2;B
2018-07-22; 1; 0; 0; 1; 0; 1; 0; 0;Bloc 2;B
2018-07-23; 1; 0; 0; 1; 0; 1; 0; 0;Bloc 2;B
2018-07-24; 1; 0; 0; 1; 0; 1; 0; 0;Bloc 2;B
2018-07-25; 1; 0; 0; 1; 0; 1; 0; 0;Bloc 2;B
2018-07-26; 1; 0; 0; 1; 0; 1; 0; 0;Bloc 2;B
2018-07-27; 1; 0; 0; 1; 0; 0; 1; 0;Bloc 2;B
2018-07-28; 2; 0; 1; 2; 1; 0; 1; 0;Bloc 2;B
2018-07-29; 3; 0; 1; 3; 2; 0; 1; 0;Bloc 2;B
2018-07-30; 3; 0; 0; 3; 2; 0; 1; 0;Bloc 2;B
2018-07-31; 3; 0; 0; 3; 2; 0; 1; 0;Bloc 2;B
2018-08-01; 3; 0; 0; 3; 2; 0; 1; 0;Bloc 2;B
2018-08-02; 3; 0; 0; 3; 2; 0; 1; 0;Bloc 2;B
2018-08-03; 3; 0; 0; 3; 2; 0; 1; 0;Bloc 2;B
2018-08-04; 3; 0; 0; 3; 1; 1; 1; 0;Bloc 2;B
2018-08-05; 3; 0; 0; 3; 0; 2; 1; 0;Bloc 2;B
2018-08-06; 3; 0; 0; 3; 0; 2; 1; 0;Bloc 2;B
2018-08-07; 3; 0; 0; 3; 0; 2; 1; 0;Bloc 2;B
2018-08-08; 3; 0; 0; 3; 0; 2; 1; 0;Bloc 2;B
2018-08-09; 3; 0; 0; 3; 0; 2; 1; 0;Bloc 2;B
2018-08-10; 3; 0; 0; 3; 0; 2; 1; 0;Bloc 2;B
2018-08-11; 3; 0; 0; 3; 0; 2; 1; 0;Bloc 2;B
2018-08-12; 3; 0; 0; 3; 0; 2; 1; 0;Bloc 2;B
2018-08-13; 3; 0; 0; 3; 0; 1; 2; 0;Bloc 2;B
2018-08-14; 3; 0; 0; 3; 0; 0; 3; 0;Bloc 2;B
2018-08-15; 3; 0; 0; 3; 0; 0; 3; 0;Bloc 2;B
2018-08-16; 3; 0; 0; 3; 0; 0; 3; 0;Bloc 2;B
2018-08-17; 3; 0; 0; 3; 0; 0; 3; 0;Bloc 2;B
2018-08-18; 3; 0; 0; 3; 0; 0; 3; 0;Bloc 2;B
2018-08-19; 3; 0; 0; 3; 0; 0; 3; 0;Bloc 2;B
2018-08-20; 3; 0; 0; 3; 0; 0; 3; 0;Bloc 2;B
2018-08-21; 3; 0; 0; 3; 0; 0; 3; 0;Bloc 2;B
2018-08-22; 3; 0; 0; 3; 0; 0; 3; 0;Bloc 2;B
2018-08-23; 3; 0; 0; 3; 0; 0; 3; 0;Bloc 2;B
2018-08-24; 3; 0; 0; 3; 0; 0; 3; 0;Bloc 2;B
2018-08-25; 5; 0; 2; 5; 2; 0; 3; 0;Bloc 2;B
2018-08-26; 5; 0; 0; 5; 2; 0; 3; 0;Bloc 2;B
2018-08-27; 5; 0; 0; 5; 2; 0; 3; 0;Bloc 2;B
2018-08-28; 5; 0; 0; 5; 2; 0; 3; 0;Bloc 2;B
2018-08-29; 5; 0; 0; 5; 2; 0; 3; 0;Bloc 2;B
2018-08-30; 5; 0; 0; 4; 2; 0; 2; 1;Bloc 2;B
2018-08-31; 5; 0; 0; 4; 2; 0; 2; 1;Bloc 2;B
2018-09-01; 5; 0; 0; 4; 0; 2; 2; 1;Bloc 2;B
2018-09-02; 5; 0; 0; 4; 0; 2; 2; 1;Bloc 2;B
2018-09-03; 5; 0; 0; 4; 0; 2; 2; 1;Bloc 2;B
2018-09-04; 5; 0; 0; 4; 0; 2; 2; 1;Bloc 2;B
2018-09-05; 5; 0; 0; 4; 0; 2; 2; 1;Bloc 2;B
2018-09-06; 0; 5; 0; 4; 0; 2; 2; 1;Bloc 2;B
2018-07-12; 1; 0; 1; 1; 1; 0; 0; 0;Bloc 2;Sn
2018-07-13; 1; 0; 0; 1; 1; 0; 0; 0;Bloc 2;Sn
2018-07-14; 1; 0; 0; 1; 1; 0; 0; 0;Bloc 2;Sn
2018-07-15; 1; 0; 0; 1; 1; 0; 0; 0;Bloc 2;Sn
2018-07-16; 1; 0; 0; 1; 1; 0; 0; 0;Bloc 2;Sn
2018-07-17; 1; 0; 0; 1; 1; 0; 0; 0;Bloc 2;Sn
2018-07-18; 3; 0; 2; 3; 3; 0; 0; 0;Bloc 2;Sn
2018-07-19; 4; 0; 1; 4; 3; 1; 0; 0;Bloc 2;Sn
2018-07-20; 5; 0; 1; 5; 4; 1; 0; 0;Bloc 2;Sn
2018-07-21; 6; 0; 1; 6; 5; 1; 0; 0;Bloc 2;Sn
2018-07-22; 6; 0; 0; 6; 5; 1; 0; 0;Bloc 2;Sn
2018-07-23; 8; 0; 2; 8; 7; 1; 0; 0;Bloc 2;Sn
2018-07-24; 8; 0; 0; 8; 7; 1; 0; 0;Bloc 2;Sn
2018-07-25; 9; 0; 1; 9; 6; 3; 0; 0;Bloc 2;Sn
2018-07-26;12; 0; 3;12; 8; 4; 0; 0;Bloc 2;Sn
2018-07-27;12; 0; 0;12; 7; 5; 0; 0;Bloc 2;Sn
2018-07-28;12; 0; 0;12; 6; 5; 1; 0;Bloc 2;Sn
2018-07-29;13; 0; 1;13; 7; 5; 1; 0;Bloc 2;Sn
2018-07-30;18; 0; 5;18;10; 7; 1; 0;Bloc 2;Sn
2018-07-31;18; 0; 0;18;10; 7; 1; 0;Bloc 2;Sn
2018-08-01;19; 0; 1;19;10; 8; 1; 0;Bloc 2;Sn
2018-08-02;20; 0; 1;20; 8;11; 1; 0;Bloc 2;Sn
2018-08-03;21; 0; 1;21; 9; 9; 3; 0;Bloc 2;Sn
2018-08-04;21; 0; 0;21; 9; 8; 4; 0;Bloc 2;Sn
2018-08-05;21; 0; 0;21; 8; 8; 5; 0;Bloc 2;Sn
2018-08-06;21; 0; 0;21; 3;12; 6; 0;Bloc 2;Sn
2018-08-07;26; 0; 5;26; 8;12; 6; 0;Bloc 2;Sn
2018-08-08;26; 0; 0;26; 7;11; 8; 0;Bloc 2;Sn
2018-08-09;26; 0; 0;26; 6;12; 8; 0;Bloc 2;Sn
2018-08-10;26; 0; 0;26; 5;12; 9; 0;Bloc 2;Sn
2018-08-11;28; 0; 2;28; 7; 9;12; 0;Bloc 2;Sn
2018-08-12;29; 0; 1;29; 8; 9;12; 0;Bloc 2;Sn
2018-08-13;29; 0; 0;29; 8; 9;12; 0;Bloc 2;Sn
2018-08-14;29; 0; 0;29; 3;13;13; 0;Bloc 2;Sn
2018-08-15;29; 0; 0;29; 3; 8;18; 0;Bloc 2;Sn
2018-08-16;30; 0; 1;30; 4; 8;18; 0;Bloc 2;Sn
2018-08-17;30; 0; 0;30; 4; 7;19; 0;Bloc 2;Sn
2018-08-18;31; 0; 1;31; 3; 8;20; 0;Bloc 2;Sn
2018-08-19;31; 0; 0;31; 2; 8;21; 0;Bloc 2;Sn
2018-08-20;32; 0; 1;32; 3; 8;21; 0;Bloc 2;Sn
2018-08-21;33; 0; 1;33; 4; 8;21; 0;Bloc 2;Sn
2018-08-22;35; 0; 2;35; 6; 8;21; 0;Bloc 2;Sn
2018-08-23;37; 0; 2;37; 7; 4;26; 0;Bloc 2;Sn
2018-08-24;40; 0; 3;40;10; 4;26; 0;Bloc 2;Sn
2018-08-25;41; 0; 1;41;10; 5;26; 0;Bloc 2;Sn
2018-08-26;43; 0; 2;43;12; 5;26; 0;Bloc 2;Sn
2018-08-27;43; 0; 0;43;11; 4;28; 0;Bloc 2;Sn
2018-08-28;44; 0; 1;44;11; 4;29; 0;Bloc 2;Sn
2018-08-29;45; 0; 1;45;10; 6;29; 0;Bloc 2;Sn
2018-08-30;45; 0; 0;45; 8; 8;29; 0;Bloc 2;Sn
2018-08-31;45; 0; 0;44; 5;11;28; 1;Bloc 2;Sn
2018-09-01;45; 0; 0;44; 4;11;29; 1;Bloc 2;Sn
2018-09-02;46; 0; 1;45; 3;13;29; 1;Bloc 2;Sn
2018-09-03;48; 0; 2;47; 5;12;30; 1;Bloc 2;Sn
2018-09-04;48; 0; 0;47; 4;13;30; 1;Bloc 2;Sn
2018-09-05;49; 0; 1;48; 4;13;31; 1;Bloc 2;Sn
2018-09-06;35;17; 3;49; 7;12;30; 3;Bloc 2;Sn
2018-09-07;35;17; 0;48; 7;10;31; 4;Bloc 2;Sn
2018-09-08;35;17; 0;47; 7; 8;32; 5;Bloc 2;Sn
2018-09-09;37;17; 2;48; 8; 6;34; 6;Bloc 2;Sn
2018-09-10;38;17; 1;49; 7; 7;35; 6;Bloc 2;Sn
2018-09-11;38;17; 0;47; 7; 5;35; 8;Bloc 2;Sn
2018-09-12;38;17; 0;47; 6; 6;35; 8;Bloc 2;Sn
2018-09-13;26;30; 1;47; 4; 8;35; 9;Bloc 2;Sn
2018-09-14;27;30; 1;45; 5; 7;33;12;Bloc 2;Sn
2018-09-15;27;30; 0;45; 5; 7;33;12;Bloc 2;Sn
2018-09-16;27;30; 0;45; 3; 9;33;12;Bloc 2;Sn
2018-09-17;27;30; 0;44; 2;10;32;13;Bloc 2;Sn
2018-09-18;27;30; 0;39; 2; 9;28;18;Bloc 2;Sn
2018-09-19;27;30; 0;39; 2; 7;30;18;Bloc 2;Sn
2018-09-20;13;45; 1;39; 2; 8;29;19;Bloc 2;Sn
2018-09-21;13;45; 0;38; 1; 8;29;20;Bloc 2;Sn
2018-09-22;13;45; 0;37; 1; 5;31;21;Bloc 2;Sn
2018-09-23;13;45; 0;37; 1; 5;31;21;Bloc 2;Sn
2018-09-24;13;45; 0;37; 1; 5;31;21;Bloc 2;Sn
2018-09-25;13;45; 0;37; 1; 3;33;21;Bloc 2;Sn
2018-09-26; 9;50; 1;33; 2; 2;29;26;Bloc 2;Sn
2018-09-27;10;50; 1;34; 2; 3;29;26;Bloc 2;Sn
2018-09-28;10;50; 0;34; 2; 3;29;26;Bloc 2;Sn
2018-09-29;10;50; 0;34; 2; 2;30;26;Bloc 2;Sn
2018-09-30;10;50; 0;32; 2; 1;29;28;Bloc 2;Sn
2018-10-01;10;50; 0;31; 2; 1;28;29;Bloc 2;Sn
2018-10-02;10;50; 0;31; 2; 1;28;29;Bloc 2;Sn
2018-10-03; 6;54; 0;31; 1; 2;28;29;Bloc 2;Sn
2018-06-19; 2; 0; 2; 2; 2; 0; 0; 0;Bloc 2;E
2018-06-20; 2; 0; 0; 2; 2; 0; 0; 0;Bloc 2;E
2018-06-21; 2; 0; 0; 2; 2; 0; 0; 0;Bloc 2;E
2018-06-22; 2; 0; 0; 2; 2; 0; 0; 0;Bloc 2;E
2018-06-23; 2; 0; 0; 2; 2; 0; 0; 0;Bloc 2;E
2018-06-24; 2; 0; 0; 2; 2; 0; 0; 0;Bloc 2;E
2018-06-25; 2; 0; 0; 2; 2; 0; 0; 0;Bloc 2;E
2018-06-26; 2; 0; 0; 2; 0; 2; 0; 0;Bloc 2;E
2018-06-27; 2; 0; 0; 2; 0; 2; 0; 0;Bloc 2;E
2018-06-28; 8; 0; 6; 8; 6; 2; 0; 0;Bloc 2;E
2018-06-29; 8; 0; 0; 8; 6; 2; 0; 0;Bloc 2;E
2018-06-30; 8; 0; 0; 8; 6; 2; 0; 0;Bloc 2;E
2018-07-01; 8; 0; 0; 8; 6; 2; 0; 0;Bloc 2;E
2018-07-02; 8; 0; 0; 8; 6; 2; 0; 0;Bloc 2;E
2018-07-03; 8; 0; 0; 8; 6; 2; 0; 0;Bloc 2;E
2018-07-04; 8; 0; 0; 8; 6; 2; 0; 0;Bloc 2;E
2018-07-05; 8; 0; 0; 8; 0; 6; 2; 0;Bloc 2;E
2018-07-06; 8; 0; 0; 8; 0; 6; 2; 0;Bloc 2;E
2018-07-07; 8; 0; 0; 8; 0; 6; 2; 0;Bloc 2;E
2018-07-08; 8; 0; 0; 8; 0; 6; 2; 0;Bloc 2;E
2018-07-09;11; 0; 3;11; 3; 6; 2; 0;Bloc 2;E
2018-07-10;17; 0; 6;17; 9; 6; 2; 0;Bloc 2;E
2018-07-11;17; 0; 0;17; 9; 6; 2; 0;Bloc 2;E
2018-07-12;17; 0; 0;17; 9; 6; 2; 0;Bloc 2;E
2018-07-13;17; 0; 0;17; 9; 6; 2; 0;Bloc 2;E
2018-07-14;17; 0; 0;17; 9; 0; 8; 0;Bloc 2;E
2018-07-15;17; 0; 0;17; 9; 0; 8; 0;Bloc 2;E
2018-07-16;17; 0; 0;17; 6; 3; 8; 0;Bloc 2;E
2018-07-17;17; 0; 0;17; 0; 9; 8; 0;Bloc 2;E
2018-07-18;17; 0; 0;17; 0; 9; 8; 0;Bloc 2;E
2018-07-19;17; 0; 0;17; 0; 9; 8; 0;Bloc 2;E
2018-07-20;17; 0; 0;17; 0; 9; 8; 0;Bloc 2;E
2018-07-21;17; 0; 0;17; 0; 9; 8; 0;Bloc 2;E
2018-07-22;18; 0; 1;18; 1; 9; 8; 0;Bloc 2;E
2018-07-23;18; 0; 0;18; 1; 9; 8; 0;Bloc 2;E
2018-07-24;22; 0; 4;22; 5; 9; 8; 0;Bloc 2;E
2018-07-25;22; 0; 0;22; 5; 6;11; 0;Bloc 2;E
2018-07-26;22; 0; 0;22; 5; 0;17; 0;Bloc 2;E
2018-07-27;22; 0; 0;22; 5; 0;17; 0;Bloc 2;E
2018-07-28;25; 0; 3;25; 8; 0;17; 0;Bloc 2;E
2018-07-29;25; 0; 0;25; 7; 1;17; 0;Bloc 2;E
2018-07-30;26; 0; 1;26; 8; 1;17; 0;Bloc 2;E
2018-07-31;28; 0; 2;28; 6; 5;17; 0;Bloc 2;E
2018-08-01;30; 0; 2;30; 8; 5;17; 0;Bloc 2;E
2018-08-02;32; 0; 2;32;10; 5;17; 0;Bloc 2;E
2018-08-03;33; 0; 1;33;11; 5;17; 0;Bloc 2;E
2018-08-04;34; 0; 1;34; 9; 8;17; 0;Bloc 2;E
2018-08-05;34; 0; 0;34; 9; 8;17; 0;Bloc 2;E
2018-08-06;34; 0; 0;34; 8; 9;17; 0;Bloc 2;E
2018-08-07;35; 0; 1;35; 7;10;18; 0;Bloc 2;E
2018-08-08;35; 0; 0;33; 5;12;16; 2;Bloc 2;E
2018-08-09;37; 0; 2;35; 5;10;20; 2;Bloc 2;E
2018-08-10;37; 0; 0;35; 4;11;20; 2;Bloc 2;E
2018-08-11;37; 0; 0;35; 3;12;20; 2;Bloc 2;E
2018-08-12;37; 0; 0;35; 3;12;20; 2;Bloc 2;E
2018-08-13;37; 0; 0;35; 3; 9;23; 2;Bloc 2;E
2018-08-14;39; 0; 2;37; 4;10;23; 2;Bloc 2;E
2018-08-15;39; 0; 0;37; 4; 9;24; 2;Bloc 2;E
2018-08-16;39; 0; 0;37; 2; 9;26; 2;Bloc 2;E
2018-08-17;40; 0; 1;32; 3; 7;22; 8;Bloc 2;E
2018-08-18;42; 0; 2;34; 5; 5;24; 8;Bloc 2;E
2018-08-19;42; 0; 0;34; 5; 4;25; 8;Bloc 2;E
2018-08-20;43; 0; 1;35; 6; 3;26; 8;Bloc 2;E
2018-08-21;43; 0; 0;35; 4; 5;26; 8;Bloc 2;E
2018-08-22;44; 0; 1;36; 5; 5;26; 8;Bloc 2;E
2018-08-23;44; 0; 0;36; 5; 4;27; 8;Bloc 2;E
2018-08-24;45; 0; 1;37; 5; 5;27; 8;Bloc 2;E
2018-08-25;45; 0; 0;37; 3; 5;29; 8;Bloc 2;E
2018-08-26;45; 0; 0;37; 3; 5;29; 8;Bloc 2;E
2018-08-27;45; 0; 0;37; 2; 6;29; 8;Bloc 2;E
2018-08-28;45; 0; 0;34; 2; 6;26;11;Bloc 2;E
2018-08-29;45; 0; 0;28; 1; 7;20;17;Bloc 2;E
2018-08-30;45; 0; 0;28; 1; 5;22;17;Bloc 2;E
2018-08-31;45; 0; 0;28; 0; 6;22;17;Bloc 2;E
2018-09-01;45; 0; 0;28; 0; 6;22;17;Bloc 2;E
2018-09-02;45; 0; 0;28; 0; 5;23;17;Bloc 2;E
2018-09-03;45; 0; 0;28; 0; 3;25;17;Bloc 2;E
2018-09-04;45; 0; 0;28; 0; 3;25;17;Bloc 2;E
2018-09-05;45; 0; 0;28; 0; 2;26;17;Bloc 2;E
2018-09-06;14;31; 0;28; 0; 2;26;17;Bloc 2;E
2018-09-07;15;31; 1;29; 1; 1;27;17;Bloc 2;E
2018-09-08;15;31; 0;29; 1; 1;27;17;Bloc 2;E
2018-09-09;15;31; 0;29; 1; 0;28;17;Bloc 2;E
2018-09-10;15;31; 0;28; 1; 0;27;18;Bloc 2;E
2018-09-11;15;31; 0;28; 1; 0;27;18;Bloc 2;E
2018-09-12;15;31; 0;24; 1; 0;23;22;Bloc 2;E
2018-09-13;14;33; 1;25; 2; 0;23;22;Bloc 2;E
2018-09-14;14;33; 0;25; 1; 1;23;22;Bloc 2;E
2018-09-15;14;33; 0;25; 1; 1;23;22;Bloc 2;E
2018-09-16;14;33; 0;22; 1; 1;20;25;Bloc 2;E
2018-09-17;14;33; 0;22; 1; 1;20;25;Bloc 2;E
2018-09-18;14;33; 0;21; 1; 1;19;26;Bloc 2;E
2018-09-19;14;33; 0;19; 1; 1;17;28;Bloc 2;E
2018-09-20; 8;39; 0;17; 0; 2;15;30;Bloc 2;E
